"Rank","Name","Symbol","marketcap","price (USD)","country"
"1","Kweichow Moutai","600519.SS","235050017732","188.028","China"
"2","Anheuser-Busch Inbev","BUD","147330220032","74.82","Belgium"
"3","Ambev","ABEV","50103582720","3.25","Brazil"
"4","Diageo","DEO","46699503616","83.97","United Kingdom"
"5","Heineken","HEIA.AS","43482237428","78.5097","Netherlands"
"6","Wuliangye Yibin","000858.SZ","40626467864","10.4664","China"
"7","Constellation Brands","STZ","19350902784","113.31","United States"
"8","Carlsberg","CARL-B.CO","16972636362","128.413","Denmark"
"9","Pernod Ricard","RI.PA","16401369469","65.133","France"
"10","Luzhou Laojiao","000568.SZ","15893668394","10.7981","China"
"11","Asahi Group","2502.T","14704801005","10.0534","Japan"
"12","Kirin Holdings","2503.T","14138901945","17.8429","Japan"
"13","Brown Forman","BF-A","12292973568","26.79","United States"
"14","Tsingtao","600600.SS","10194065829","7.47259","China"
"15","United Spirits","UNITDSPR.BO","10055800647","14.162","India"
"16","Budweiser APAC","1876.HK","9584443391","0.72446","Hong Kong"
"17","Suntory","2587.T","8827386686","28.5676","Japan"
"18","YANGHE","002304.SZ","8383142214","5.56485","China"
"19","Thai Beverage","Y92.SI","8348288299","0.332182","Thailand"
"20","Davide Campari-Milano","CPR.MI","8118677399","6.76916","Italy"
"21","China Resources Beer","0291.HK","7705679068","2.37536","Hong Kong"
"22","Molson Coors","TAP","6809297920","36.52","United States"
"23","Radico Khaitan","RADICO.NS","6110903106","45.6075","India"
"24","Emperador Brandy","EMI.SI","4719739365","0.300918","Philippines"
"25","Beijing Yanjing Brewery","000729.SZ","4631738743","1.64331","China"
"26","Sapporo","2501.T","4624424865","11.8583","Japan"
"27","Endeavour Group","EDV.AX","3730402787","2.07738","Australia"
"28","United Breweries","UBL.NS","3241228073","12.2586","India"
"29","Treasury Wine Estates","TWE.AX","3141011364","3.88289","Australia"
"30","Takara Holdings","2531.T","3055839900","15.962","Japan"
"31","Royal Unibrew","RBREW.CO","2821782387","59.7067","Denmark"
"32","Becle","CUERVO.MX","2761984592","0.769103","Mexico"
"33","Rémy Cointreau","RCO.PA","2417633462","46.1677","France"
"34","Efes Beverage Group","AEFES.IS","2177468617","0.36775","Turkey"
"35","Sabeco Brewery (Saigon Beer)","SAB.VN","2091563413","1.63077","Vietnam"
"36","Compañía Cervecerías Unidas","CCU","2032829696","10.98","Chile"
"37","Boston Beer Company","SAM","1746230144","167.69","United States"
"38","Fever-Tree Drinks","FEVR.L","1192997239","11.0011","United Kingdom"
"39","Heineken Malaysia","3255.KL","976418512","3.23213","Malaysia"
"40","HiteJinro","000080.KS","764615993","10.9571","South Korea"
"41","Olvi plc","OLVAS.HE","702809570","34.059","Finland"
"42","Viña Concha y Toro","CONCHATORO.SN","668046134","0.903974","Chile"
"43","Oeneo","SBT.PA","620029795","9.89788","France"
"44","Laurent-Perrier","LPE.PA","478288898","83.2679","France"
"45","Marie Brizard Wine &amp; Spirits","MBWS.PA","336406872","3.00752","France"
"46","TFF Group","TFF.PA","313363711","14.454","France"
"47","Corby Spirit and Wine","CSW-A.TO","308840835","10.8484","Canada"
"48","Anora Group","ANORA.HE","283905648","4.20267","Finland"
"49","MGP Ingredients","MGPI","273457760","12.77","United States"
"50","Andrew Peller","ADW-A.TO","247074612","5.61002","Canada"
"51","Delegat","DGL.NZ","229506056","2.26942","New Zealand"
"52","Brouwerij Handelsmaatschappij","COBH.BR","180114467","2401.53","Belgium"
"53","Italian Wine Brands","IWB.MI","162314104","17.484","Italy"
"54","Masi Agricola","MASI.MI","152258864","4.73572","Italy"
"55","Hawesko","HAW.DE","150714705","16.777","Germany"
"56","Schloss Wachenheim","SWA.DE","132429583","16.7209","Germany"
"57","Ambra","AMB.WA","129788035","5.14896","Poland"
"58","Kulmbacher Brauerei","KUL.MU","115380991","34.3396","Germany"
"59","Chapel Down Group","CDGP.L","106594600","0.621455","United Kingdom"
"60","maison pommery &amp; associes","POMRY.PA","87164351","9.8081","France"
"61","Berentzen-Gruppe","BEZ.DE","60720082","6.46392","Germany"
"62","Naked Wines","WINE.L","53335767","0.806569","United Kingdom"
